index,value
0,0.0
1,0.0
2,-0.47638391423418475
3,-1.088372489701766
4,-2.1036325527025657
5,-3.036758137098203
6,-5.759268522835327
7,-8.020481596074813
8,-10.551983830255296
9,-9.109713052288708
10,-7.776843855593563
11,-7.1567339621356805
12,-6.98018090174965
13,-7.52102914669269
14,-8.982196951916652
15,-10.461979805398444
16,-11.074019851622495
17,-11.758654304078554
18,-11.311253155957905
19,-11.168037892854324
20,-11.044572680679368
21,-9.405071081043845
22,-7.632261317533768
23,-6.827703814894199
24,-6.422347405023493
25,-5.582533974769723
26,-3.0209976699875054
27,-1.3787693059184907
28,-0.4194196777441047
29,1.291945328140908
30,1.6806785548244143
31,1.6620318844230006
32,2.5321934090358433
33,3.764835006081295
34,4.770071235001853
35,6.182461326808742
36,4.405100638107842
37,4.078703895683968
38,2.9016176528560793
39,0.344688461530136
40,-1.2799259611158031
41,-1.7717031268239247
42,-2.574144344579156
43,-4.25013957269806
44,-5.471765178885679
45,-6.42301784489642
46,-5.721788704714537
47,-4.439742869558786
48,-3.296208808568622
49,-1.3388150439670095
50,-0.08642545095621879
51,-0.09395381371689486
52,0.4761256996798516
53,1.489234241862908
54,2.026057072487953
55,1.6360646434253696
56,1.569444282382472
57,-0.9683923809336816
58,-2.182920363818352
59,-2.570278792499283
60,-4.495732412322565
61,-5.87499995794561
62,-7.850696316248529
63,-8.566005583456741
64,-11.115193287693831
65,-13.94014876989051
66,-15.317920989384492
67,-15.170514703589374
68,-17.209260257319777
69,-19.241248635158634
70,-20.410024227847156
71,-21.879940664942247
72,-21.382686554911725
73,-22.18576662082797
74,-22.445082511966135
75,-23.67389822224455
76,-23.19123246749615
77,-22.834934292124743
78,-22.95157707745914
79,-24.75763229488288
80,-24.42875426552571
81,-23.407299324668053
82,-21.89946149603225
83,-19.639334027317453
84,-17.610838563928333
85,-16.751425819627347
86,-16.924514396791523
87,-17.859181050403485
88,-17.186317507581954
89,-18.131694635584946
90,-19.449132533269943
91,-20.74242522275066
92,-21.476918119365273
93,-21.440072403001306
94,-22.65668206372718
95,-25.3013119033825
96,-27.273235194993447
97,-27.511143127683262
98,-26.917481725515273
99,-26.258873043366787
100,-26.088692089687765
101,-25.673738317284883
102,-25.605914862116073
103,-24.743007736464996
104,-24.889314058126836
105,-24.875926426902872
106,-24.97094410946012
107,-24.501017932785935
108,-23.921987572770643
109,-20.94423576501079
110,-17.217210571059777
111,-12.960696210673479
112,-11.84197999769437
113,-11.384507890266654
114,-11.649561428609552
115,-11.321506932770268
116,-13.349122448114443
117,-13.70131562245247
118,-12.871038922475194
119,-13.555603235501223
120,-15.056133114724759
121,-16.971150140469355
122,-18.349403724063347
123,-18.72333478414852
124,-16.94524467608244
125,-15.808176708389905
126,-14.210430335853436
127,-12.863021089240014
128,-10.110298280031472
129,-7.314224784115242
130,-3.8793089811480868
131,-2.4050068179595625
132,-1.5259840298925267
133,-1.6868560447447045
134,-0.31132209730522353
135,1.3830449731782046
136,2.3297048287901507
137,2.5726921025632543
138,3.232853093707543
139,3.0258014858013267
140,1.9319087786499132
141,1.5981571794100715
142,3.8227614673265435
143,5.2451279398551875
144,5.728213076129524
145,4.911328891468133
146,2.960430652203838
147,2.0335797097512143
148,2.2096619378301225
149,2.3553378758035133
150,2.793415948997677
151,3.237384336312467
152,3.703716857711631
153,2.5236121066336743
154,1.1758793950990647
155,0.292898034738452
156,-1.1413767101966492
157,-2.6863700653179503
158,-4.648806684278917
159,-6.4402184079567775
160,-6.911007813812482
161,-7.655168961716029
162,-8.366704575267939
163,-8.077495486295458
164,-7.210124114134185
165,-4.869996159112002
166,-5.214264566555528
167,-4.641750773599292
168,-4.681195814467674
169,-4.587952994128666
170,-3.6756556047248363
171,-1.9109710034725351
172,0.4414664791801495
173,2.342492055240644
174,5.354961681223715
175,7.315613637472341
176,8.612968933871123
177,10.372081560812104
178,11.12846594382066
179,13.83872376966741
180,16.88744675165831
181,21.316798021410868
182,24.585581450570974
183,26.608037873907328
184,28.267183310107363
185,30.22949889378608
186,31.09888557534573
187,32.11132120045581
188,32.84973345340928
189,35.008007523822336
190,35.95870701912682
191,37.69277147227529
192,38.34636521192584
193,37.855332390526755
194,36.775796301916536
195,34.78243299969896
196,33.444988965081045
197,33.494153947781406
198,33.7047150893694
199,34.48306611135175
200,36.697734790381524
201,38.619477433119165
202,40.23151327744736
203,41.15000863423986
204,40.215901939241526
205,40.26873723255445
206,38.565792854657886
207,37.93573920654223
208,37.47209806982221
209,38.250897536408836
210,38.77311028613667
211,38.32977550353814
212,38.35278498939808
213,37.8161875457477
214,37.23026146759288
215,36.84027757364873
216,36.41790756018839
217,35.915568907233414
218,34.71051515815845
219,33.622419465296446
220,30.6813803193294
221,28.32718943000949
222,25.397131068529013
223,24.337504096877694
224,24.843157756789758
225,23.273961058882936
226,22.234753561881675
227,21.35112834306577
228,19.64693337844986
229,18.909651760020214
230,17.91307942676678
231,15.400939652542233
232,13.261604323991776
233,11.536245302495422
234,10.365810288595707
235,8.272314385313484
236,7.327056647890787
237,7.376524989722601
238,6.271580596114354
239,4.7820748082466125
240,3.599099631723986
241,2.159489727295359
242,2.8335827167886087
243,3.5620036660843883
244,3.0842434974771997
245,1.9334320270095173
246,1.0203590137462526
247,2.643091158693132
248,3.6891740244235143
249,4.57837411355412
250,5.754236990531066
251,6.586672109696815
252,9.480228671481996
253,11.112466434360693
254,13.046920073645445
255,14.649670032863618
256,16.45173308873274
257,16.61402157309094
258,18.485740390461785
259,19.77231197462373
260,20.746498947191522
261,20.534797512114007
262,19.636726721387635
263,19.5334191356316
264,20.451562091367084
265,21.891522028114743
266,24.169651133200052
267,26.578521259001686
268,28.390134538216877
269,30.563485012472775
270,32.77211585869249
271,34.30609168334569
272,36.16271110001256
273,38.82867566886073
274,41.04378176258609
275,42.32221020823443
276,43.98139769878564
277,47.116950524787256
278,49.24065909290467
279,50.708024389429205
280,51.65719175029315
281,53.578978290720734
282,53.17584258305165
283,53.21786091591876
284,54.454194117670816
285,54.56314118120316
286,56.12009660540103
287,57.826566642290416
288,58.5367157488052
289,59.25937014897192
290,58.2629260011833
291,56.94236866348089
292,57.79398864633717
293,57.55010959295803
294,59.197203282348205
295,60.359097512738124
296,62.20174075535148
297,63.621300642035536
298,62.42366782166615
299,60.94233481393663
300,60.03981904348929
301,58.22397853322336
302,55.52177025509723
303,53.881518913357816
304,52.02861635615607
305,48.95427002693776
306,45.98365115500034
307,44.648114286518265
308,43.19875690173455
309,43.05409117762355
310,44.48832870444121
311,45.59291815156349
312,45.275010358824865
313,43.7270403376573
314,42.546573743344524
315,42.559261428370256
316,42.84660466906859
317,43.60612644170226
318,43.72996919659086
319,44.11463987753579
320,43.93330803846016
321,43.46637500146193
322,41.828058887332986
323,39.03149991954543
324,36.47106606303059
325,33.47146859580635
326,30.285115655483395
327,28.5961615734716
328,27.251777396150665
329,29.16843277022621
330,31.545285011757308
331,32.66622186310721
332,34.265201340812006
333,35.814133802404605
334,36.272651937729506
335,37.705898896511485
336,38.00440684447097
337,35.15237549823616
338,33.80982126754541
339,32.22045528579159
340,32.51906713625569
341,32.111611296610064
342,30.614542404231564
343,31.048838566935835
344,30.31475306686725
345,29.956662185221067
346,31.150819445368075
347,32.16086149095508
348,32.82290677910266
349,33.41445412263579
350,34.69148623735827
351,34.83704253773434
352,35.54277982997323
353,36.65226358865579
354,39.8071798364999
355,41.82644095426356
356,42.39026066865466
357,43.53610040613853
358,43.99572443810796
359,44.61614511426411
360,45.21298657348336
361,46.821624070421294
362,47.36638983529518
363,47.66428286681153
364,45.33522103632326
365,42.694716238503084
366,42.2810478095937
367,41.31166690796904
368,39.88049355207385
369,37.60225491606225
370,36.48673289867498
371,35.851896597479005
372,34.19451127020349
373,33.624895037212966
374,33.47641572297229
375,34.11969037640567
376,33.962312583592926
377,35.57367105961217
378,37.197040672958515
379,38.27579228240271
380,38.55338971696797
381,38.50769722290434
382,39.331921998148836
383,39.68179929064418
384,41.011811932927124
385,42.58931284132357
386,45.102548199460955
387,47.787595109040225
388,49.71191992600736
389,49.22154289481494
390,49.13677488732203
391,49.87384916258914
392,50.58655576372081
393,51.66935098822567
394,52.003776731325566
395,51.862701218484084
396,50.81432125153704
397,51.39176462400573
398,51.995706385837465
399,51.94459584139727
400,50.57091442725781
401,49.38920857172854
402,49.96207952126294
403,50.862644000798596
404,50.803238533217346
405,52.18052987574515
406,54.645428431441324
407,57.45646541289536
408,60.32919337259594
409,63.6127814857976
410,66.59213589037148
411,69.56991616424658
412,70.99709182529227
413,73.53895610130766
414,75.66852115073084
415,79.26093811377694
416,79.89652232044672
417,81.03948232124097
418,82.88391701752579
419,83.90800982444549
420,85.11117351492682
421,86.75514409879837
422,88.55281900667867
423,89.34530588901735
424,89.78090079933774
425,91.12262171034679
426,93.40219269992281
427,95.19549019659019
428,96.59437631695396
429,97.82971286067745
430,99.78140794191117
431,100.18006446583651
432,99.12947154798589
433,98.46804043613356
434,96.87780123209251
435,95.10195322904669
436,93.87486164898395
437,93.4527714550175
438,92.07394737258042
439,91.84326849545108
440,89.91313820815927
441,89.0080323054677
442,86.77662123865514
443,83.83065083115991
444,82.29040864376904
445,80.75623461875632
446,78.81971938591604
447,76.9383476230244
448,76.01103083806163
449,75.27847579517763
450,74.70532542767945
451,75.33741894885557
452,75.09974991333553
453,74.44003529356789
454,73.42912542043808
455,73.84590448433644
456,75.16041705593175
457,77.42448538524003
458,79.0754670468689
459,80.13326152955112
460,81.76701684091526
461,82.58902645490053
462,84.01889139876633
463,85.81136575682027
464,86.44100618587353
465,86.81337497315245
466,86.97136346851241
467,88.81925359620094
468,92.79239924324625
469,95.64944095358105
470,97.76463419120526
471,97.04831009666785
472,96.70355650871267
473,96.45357738244185
474,95.19209200284791
475,95.03510197508076
476,93.36613878933969
477,91.89643922238213
478,90.95497682825746
479,89.01056690283124
480,88.41702809635106
481,89.0489311013971
482,88.13633336084983
483,86.03618411869587
484,85.07749096092151
485,84.34927020318747
486,82.59623151974394
487,80.99374302516084
488,79.70364191933282
489,78.60630958137784
490,78.62227639171728
491,79.02814930831676
492,81.09842337125781
493,84.0216740497879
494,86.86804278143268
495,90.05194813865513
496,93.73789991635515
497,97.1775886882535
498,98.49630805532297
499,100.31412535898882
